variable,coef
const,-357.86179323921823
Sales_1_ago,0.1403961445386233
Visit_Store_off,0.28768440836263776
working_days,11.008595314620377
Dias_fines_semana,-99.2709136506651
Dia_inicio_mes,16.554067958082424
Mercado_off,0.0062742464138974795
