variable,coef
const,899.710284136237
Visit_Store_1_ago,-0.2421722414562142
Inversion_Online,0.00010000000000000002
Inversion_Offline,0.006050525032979883
Dias_mes,103.30626989873527
Easterweek,-389.94771622327966
Unique_visitors,-0.0025521127584946963
Unique_visitors_1_ago,0.0070278525150779874
DirectTraffic,0.021421600896051746
