variable,coef
const,-357.8617932392208
Sales_1_ago,0.14039614453862004
Visit_Store_off,0.28768440836263826
working_days,11.008595314620607
Dias_fines_semana,-99.27091365066556
Dia_inicio_mes,16.554067958082427
Mercado_off,0.006274246413897444
