variable,coef
const,899.7102841362387
Visit_Store_1_ago,-0.2421722414562143
Inversion_Online,0.00010000000000000002
Inversion_Offline,0.006050525032979884
Dias_mes,103.30626989873522
Easterweek,-389.9477162232797
Unique_visitors,-0.002552112758494694
Unique_visitors_1_ago,0.007027852515077984
DirectTraffic,0.021421600896051753
